{"columnwidth": 234.8775, "columnsep": 18.06749, "textwidth": 487.8225, "paperwidth": 614.295, "hoffset": 0.0, "oddsidemargin": -16.62178}